{
    "note_height": 5.990272373540855,
    "v_compress": 0.9,
    "fade_in": 0.0,
    "fade_out": 0.48960302457466914,
    "vib_max": "4.0",
    "vib_a": 0.02,
    "vib_d": 0.10964083175803402,
    "vib_s": 0.20793950850661624,
    "vib_r": 0.020793950850661626,
    "color_mode_en": "Notes as Black"
}